<?xml version="1.0" encoding="UTF-8"?>
<root>
  <item name="com.google.android.setupdesign.util.DynamicColorPalette int getColor(android.content.Context, int) 1">
    <annotation name="androidx.annotation.IntDef">
      <val name="value" val="{com.google.android.setupdesign.util.DynamicColorPalette.ColorType.ACCENT, com.google.android.setupdesign.util.DynamicColorPalette.ColorType.PRIMARY_TEXT, com.google.android.setupdesign.util.DynamicColorPalette.ColorType.SECONDARY_TEXT, com.google.android.setupdesign.util.DynamicColorPalette.ColorType.DISABLED_OPTION, com.google.android.setupdesign.util.DynamicColorPalette.ColorType.ERROR_WARNING, com.google.android.setupdesign.util.DynamicColorPalette.ColorType.SUCCESS_DONE, com.google.android.setupdesign.util.DynamicColorPalette.ColorType.FALLBACK_ACCENT, com.google.android.setupdesign.util.DynamicColorPalette.ColorType.BACKGROUND, com.google.android.setupdesign.util.DynamicColorPalette.ColorType.SURFACE}" />
    </annotation>
  </item>
  <item name="com.google.android.setupdesign.util.DynamicColorPalette.ColorType">
    <annotation name="androidx.annotation.IntDef">
      <val name="value" val="{com.google.android.setupdesign.util.DynamicColorPalette.ColorType.ACCENT, com.google.android.setupdesign.util.DynamicColorPalette.ColorType.PRIMARY_TEXT, com.google.android.setupdesign.util.DynamicColorPalette.ColorType.SECONDARY_TEXT, com.google.android.setupdesign.util.DynamicColorPalette.ColorType.DISABLED_OPTION, com.google.android.setupdesign.util.DynamicColorPalette.ColorType.ERROR_WARNING, com.google.android.setupdesign.util.DynamicColorPalette.ColorType.SUCCESS_DONE, com.google.android.setupdesign.util.DynamicColorPalette.ColorType.FALLBACK_ACCENT, com.google.android.setupdesign.util.DynamicColorPalette.ColorType.BACKGROUND, com.google.android.setupdesign.util.DynamicColorPalette.ColorType.SURFACE}" />
    </annotation>
  </item>
</root>

