<?xml version="1.0" encoding="UTF-8"?>
<root>
  <item name="com.google.android.setupcompat.internal.FocusChangedMetricHelper.Constants.ExtraKey">
    <annotation name="androidx.annotation.StringDef">
      <val name="value" val="{com.google.android.setupcompat.internal.FocusChangedMetricHelper.Constants.ExtraKey.PACKAGE_NAME, com.google.android.setupcompat.internal.FocusChangedMetricHelper.Constants.ExtraKey.SCREEN_NAME, com.google.android.setupcompat.internal.FocusChangedMetricHelper.Constants.ExtraKey.HASH_CODE, com.google.android.setupcompat.internal.FocusChangedMetricHelper.Constants.ExtraKey.HAS_FOCUS, com.google.android.setupcompat.internal.FocusChangedMetricHelper.Constants.ExtraKey.TIME_IN_MILLIS}" />
    </annotation>
  </item>
  <item name="com.google.android.setupcompat.internal.SetupCompatServiceInvoker void invokeLogMetric(int, android.os.Bundle) 0">
    <annotation name="androidx.annotation.IntDef">
      <val name="value" val="{com.google.android.setupcompat.logging.internal.SetupMetricsLoggingConstants.MetricType.CUSTOM_EVENT, com.google.android.setupcompat.logging.internal.SetupMetricsLoggingConstants.MetricType.DURATION_EVENT, com.google.android.setupcompat.logging.internal.SetupMetricsLoggingConstants.MetricType.COUNTER_EVENT, com.google.android.setupcompat.logging.internal.SetupMetricsLoggingConstants.MetricType.SETUP_COLLECTION_EVENT, com.google.android.setupcompat.logging.internal.SetupMetricsLoggingConstants.MetricType.INTERNAL}" />
    </annotation>
  </item>
  <item name="com.google.android.setupcompat.internal.SetupCompatServiceInvoker void logMetricEvent(int, android.os.Bundle) 0">
    <annotation name="androidx.annotation.IntDef">
      <val name="value" val="{com.google.android.setupcompat.logging.internal.SetupMetricsLoggingConstants.MetricType.CUSTOM_EVENT, com.google.android.setupcompat.logging.internal.SetupMetricsLoggingConstants.MetricType.DURATION_EVENT, com.google.android.setupcompat.logging.internal.SetupMetricsLoggingConstants.MetricType.COUNTER_EVENT, com.google.android.setupcompat.logging.internal.SetupMetricsLoggingConstants.MetricType.SETUP_COLLECTION_EVENT, com.google.android.setupcompat.logging.internal.SetupMetricsLoggingConstants.MetricType.INTERNAL}" />
    </annotation>
  </item>
</root>

