<?xml version="1.0" encoding="UTF-8"?>
<root>
  <item name="com.google.android.setupcompat.logging.internal.FooterBarMixinMetrics java.lang.String getInitialStateVisibility(boolean, boolean)">
    <annotation name="androidx.annotation.StringDef">
      <val name="value" val="{com.google.android.setupcompat.logging.internal.FooterBarMixinMetrics.FooterButtonVisibility.UNKNOWN, com.google.android.setupcompat.logging.internal.FooterBarMixinMetrics.FooterButtonVisibility.VISIBLE_USING_XML, com.google.android.setupcompat.logging.internal.FooterBarMixinMetrics.FooterButtonVisibility.VISIBLE, com.google.android.setupcompat.logging.internal.FooterBarMixinMetrics.FooterButtonVisibility.VISIBLE_USING_XML_TO_INVISIBLE, com.google.android.setupcompat.logging.internal.FooterBarMixinMetrics.FooterButtonVisibility.VISIBLE_TO_INVISIBLE, com.google.android.setupcompat.logging.internal.FooterBarMixinMetrics.FooterButtonVisibility.INVISIBLE_TO_VISIBLE, com.google.android.setupcompat.logging.internal.FooterBarMixinMetrics.FooterButtonVisibility.INVISIBLE}" />
    </annotation>
  </item>
  <item name="com.google.android.setupcompat.logging.internal.FooterBarMixinMetrics java.lang.String updateButtonVisibilityState(java.lang.String, boolean)">
    <annotation name="androidx.annotation.StringDef">
      <val name="value" val="{com.google.android.setupcompat.logging.internal.FooterBarMixinMetrics.FooterButtonVisibility.UNKNOWN, com.google.android.setupcompat.logging.internal.FooterBarMixinMetrics.FooterButtonVisibility.VISIBLE_USING_XML, com.google.android.setupcompat.logging.internal.FooterBarMixinMetrics.FooterButtonVisibility.VISIBLE, com.google.android.setupcompat.logging.internal.FooterBarMixinMetrics.FooterButtonVisibility.VISIBLE_USING_XML_TO_INVISIBLE, com.google.android.setupcompat.logging.internal.FooterBarMixinMetrics.FooterButtonVisibility.VISIBLE_TO_INVISIBLE, com.google.android.setupcompat.logging.internal.FooterBarMixinMetrics.FooterButtonVisibility.INVISIBLE_TO_VISIBLE, com.google.android.setupcompat.logging.internal.FooterBarMixinMetrics.FooterButtonVisibility.INVISIBLE}" />
    </annotation>
  </item>
  <item name="com.google.android.setupcompat.logging.internal.FooterBarMixinMetrics java.lang.String updateButtonVisibilityState(java.lang.String, boolean) 0">
    <annotation name="androidx.annotation.StringDef">
      <val name="value" val="{com.google.android.setupcompat.logging.internal.FooterBarMixinMetrics.FooterButtonVisibility.UNKNOWN, com.google.android.setupcompat.logging.internal.FooterBarMixinMetrics.FooterButtonVisibility.VISIBLE_USING_XML, com.google.android.setupcompat.logging.internal.FooterBarMixinMetrics.FooterButtonVisibility.VISIBLE, com.google.android.setupcompat.logging.internal.FooterBarMixinMetrics.FooterButtonVisibility.VISIBLE_USING_XML_TO_INVISIBLE, com.google.android.setupcompat.logging.internal.FooterBarMixinMetrics.FooterButtonVisibility.VISIBLE_TO_INVISIBLE, com.google.android.setupcompat.logging.internal.FooterBarMixinMetrics.FooterButtonVisibility.INVISIBLE_TO_VISIBLE, com.google.android.setupcompat.logging.internal.FooterBarMixinMetrics.FooterButtonVisibility.INVISIBLE}" />
    </annotation>
  </item>
  <item name="com.google.android.setupcompat.logging.internal.FooterBarMixinMetrics primaryButtonVisibility">
    <annotation name="androidx.annotation.StringDef">
      <val name="value" val="{com.google.android.setupcompat.logging.internal.FooterBarMixinMetrics.FooterButtonVisibility.UNKNOWN, com.google.android.setupcompat.logging.internal.FooterBarMixinMetrics.FooterButtonVisibility.VISIBLE_USING_XML, com.google.android.setupcompat.logging.internal.FooterBarMixinMetrics.FooterButtonVisibility.VISIBLE, com.google.android.setupcompat.logging.internal.FooterBarMixinMetrics.FooterButtonVisibility.VISIBLE_USING_XML_TO_INVISIBLE, com.google.android.setupcompat.logging.internal.FooterBarMixinMetrics.FooterButtonVisibility.VISIBLE_TO_INVISIBLE, com.google.android.setupcompat.logging.internal.FooterBarMixinMetrics.FooterButtonVisibility.INVISIBLE_TO_VISIBLE, com.google.android.setupcompat.logging.internal.FooterBarMixinMetrics.FooterButtonVisibility.INVISIBLE}" />
    </annotation>
  </item>
  <item name="com.google.android.setupcompat.logging.internal.FooterBarMixinMetrics secondaryButtonVisibility">
    <annotation name="androidx.annotation.StringDef">
      <val name="value" val="{com.google.android.setupcompat.logging.internal.FooterBarMixinMetrics.FooterButtonVisibility.UNKNOWN, com.google.android.setupcompat.logging.internal.FooterBarMixinMetrics.FooterButtonVisibility.VISIBLE_USING_XML, com.google.android.setupcompat.logging.internal.FooterBarMixinMetrics.FooterButtonVisibility.VISIBLE, com.google.android.setupcompat.logging.internal.FooterBarMixinMetrics.FooterButtonVisibility.VISIBLE_USING_XML_TO_INVISIBLE, com.google.android.setupcompat.logging.internal.FooterBarMixinMetrics.FooterButtonVisibility.VISIBLE_TO_INVISIBLE, com.google.android.setupcompat.logging.internal.FooterBarMixinMetrics.FooterButtonVisibility.INVISIBLE_TO_VISIBLE, com.google.android.setupcompat.logging.internal.FooterBarMixinMetrics.FooterButtonVisibility.INVISIBLE}" />
    </annotation>
  </item>
  <item name="com.google.android.setupcompat.logging.internal.FooterBarMixinMetrics.FooterButtonVisibility">
    <annotation name="androidx.annotation.StringDef">
      <val name="value" val="{com.google.android.setupcompat.logging.internal.FooterBarMixinMetrics.FooterButtonVisibility.UNKNOWN, com.google.android.setupcompat.logging.internal.FooterBarMixinMetrics.FooterButtonVisibility.VISIBLE_USING_XML, com.google.android.setupcompat.logging.internal.FooterBarMixinMetrics.FooterButtonVisibility.VISIBLE, com.google.android.setupcompat.logging.internal.FooterBarMixinMetrics.FooterButtonVisibility.VISIBLE_USING_XML_TO_INVISIBLE, com.google.android.setupcompat.logging.internal.FooterBarMixinMetrics.FooterButtonVisibility.VISIBLE_TO_INVISIBLE, com.google.android.setupcompat.logging.internal.FooterBarMixinMetrics.FooterButtonVisibility.INVISIBLE_TO_VISIBLE, com.google.android.setupcompat.logging.internal.FooterBarMixinMetrics.FooterButtonVisibility.INVISIBLE}" />
    </annotation>
  </item>
  <item name="com.google.android.setupcompat.logging.internal.SetupMetricsLoggingConstants.EventType">
    <annotation name="androidx.annotation.IntDef">
      <val name="value" val="{com.google.android.setupcompat.logging.internal.SetupMetricsLoggingConstants.EventType.UNKNOWN, com.google.android.setupcompat.logging.internal.SetupMetricsLoggingConstants.EventType.IMPRESSION, com.google.android.setupcompat.logging.internal.SetupMetricsLoggingConstants.EventType.OPT_IN, com.google.android.setupcompat.logging.internal.SetupMetricsLoggingConstants.EventType.WAITING_START, com.google.android.setupcompat.logging.internal.SetupMetricsLoggingConstants.EventType.WAITING_END, com.google.android.setupcompat.logging.internal.SetupMetricsLoggingConstants.EventType.ERROR}" />
    </annotation>
  </item>
  <item name="com.google.android.setupcompat.logging.internal.SetupMetricsLoggingConstants.MetricBundleKeys">
    <annotation name="androidx.annotation.StringDef">
      <val name="value" val="{com.google.android.setupcompat.logging.internal.SetupMetricsLoggingConstants.MetricBundleKeys.METRIC_KEY, com.google.android.setupcompat.logging.internal.SetupMetricsLoggingConstants.MetricBundleKeys.METRIC_KEY_BUNDLE, com.google.android.setupcompat.logging.internal.SetupMetricsLoggingConstants.MetricBundleKeys.CUSTOM_EVENT, com.google.android.setupcompat.logging.internal.SetupMetricsLoggingConstants.MetricBundleKeys.CUSTOM_EVENT_BUNDLE, com.google.android.setupcompat.logging.internal.SetupMetricsLoggingConstants.MetricBundleKeys.TIME_MILLIS_LONG, com.google.android.setupcompat.logging.internal.SetupMetricsLoggingConstants.MetricBundleKeys.COUNTER_INT, com.google.android.setupcompat.logging.internal.SetupMetricsLoggingConstants.MetricBundleKeys.SCREEN_KEY_BUNDLE, com.google.android.setupcompat.logging.internal.SetupMetricsLoggingConstants.MetricBundleKeys.SETUP_METRIC_BUNDLE}" />
    </annotation>
  </item>
  <item name="com.google.android.setupcompat.logging.internal.SetupMetricsLoggingConstants.MetricType">
    <annotation name="androidx.annotation.IntDef">
      <val name="value" val="{com.google.android.setupcompat.logging.internal.SetupMetricsLoggingConstants.MetricType.CUSTOM_EVENT, com.google.android.setupcompat.logging.internal.SetupMetricsLoggingConstants.MetricType.DURATION_EVENT, com.google.android.setupcompat.logging.internal.SetupMetricsLoggingConstants.MetricType.COUNTER_EVENT, com.google.android.setupcompat.logging.internal.SetupMetricsLoggingConstants.MetricType.SETUP_COLLECTION_EVENT, com.google.android.setupcompat.logging.internal.SetupMetricsLoggingConstants.MetricType.INTERNAL}" />
    </annotation>
  </item>
</root>

