<?xml version="1.0" encoding="UTF-8"?>
<root>
  <item name="com.android.wifitrackerlib.HotspotNetworkEntry int getDeviceType()">
    <annotation name="androidx.annotation.IntDef">
      <val name="value" val="{android.net.wifi.sharedconnectivity.app.NetworkProviderInfo.DEVICE_TYPE_UNKNOWN, android.net.wifi.sharedconnectivity.app.NetworkProviderInfo.DEVICE_TYPE_PHONE, android.net.wifi.sharedconnectivity.app.NetworkProviderInfo.DEVICE_TYPE_TABLET, android.net.wifi.sharedconnectivity.app.NetworkProviderInfo.DEVICE_TYPE_LAPTOP, android.net.wifi.sharedconnectivity.app.NetworkProviderInfo.DEVICE_TYPE_WATCH, android.net.wifi.sharedconnectivity.app.NetworkProviderInfo.DEVICE_TYPE_AUTO}" />
    </annotation>
  </item>
  <item name="com.android.wifitrackerlib.HotspotNetworkEntry int getNetworkType()">
    <annotation name="androidx.annotation.IntDef">
      <val name="value" val="{android.net.wifi.sharedconnectivity.app.HotspotNetwork.NETWORK_TYPE_UNKNOWN, android.net.wifi.sharedconnectivity.app.HotspotNetwork.NETWORK_TYPE_CELLULAR, android.net.wifi.sharedconnectivity.app.HotspotNetwork.NETWORK_TYPE_WIFI, android.net.wifi.sharedconnectivity.app.HotspotNetwork.NETWORK_TYPE_ETHERNET}" />
    </annotation>
  </item>
  <item name="com.android.wifitrackerlib.HotspotNetworkEntry int getPrivacy()">
    <annotation name="androidx.annotation.IntDef">
      <val name="value" val="{com.android.wifitrackerlib.WifiEntry.PRIVACY_DEVICE_MAC, com.android.wifitrackerlib.WifiEntry.PRIVACY_RANDOMIZED_MAC, com.android.wifitrackerlib.WifiEntry.PRIVACY_UNKNOWN}" />
    </annotation>
  </item>
  <item name="com.android.wifitrackerlib.HotspotNetworkEntry java.lang.String getDeviceTypeId(int) 0">
    <annotation name="androidx.annotation.IntDef">
      <val name="value" val="{android.net.wifi.sharedconnectivity.app.NetworkProviderInfo.DEVICE_TYPE_UNKNOWN, android.net.wifi.sharedconnectivity.app.NetworkProviderInfo.DEVICE_TYPE_PHONE, android.net.wifi.sharedconnectivity.app.NetworkProviderInfo.DEVICE_TYPE_TABLET, android.net.wifi.sharedconnectivity.app.NetworkProviderInfo.DEVICE_TYPE_LAPTOP, android.net.wifi.sharedconnectivity.app.NetworkProviderInfo.DEVICE_TYPE_WATCH, android.net.wifi.sharedconnectivity.app.NetworkProviderInfo.DEVICE_TYPE_AUTO}" />
    </annotation>
  </item>
  <item name="com.android.wifitrackerlib.HotspotNetworkEntry mLastStatus">
    <annotation name="androidx.annotation.IntDef">
      <val name="value" val="{android.net.wifi.sharedconnectivity.app.HotspotNetworkConnectionStatus.CONNECTION_STATUS_UNKNOWN, android.net.wifi.sharedconnectivity.app.HotspotNetworkConnectionStatus.CONNECTION_STATUS_ENABLING_HOTSPOT, android.net.wifi.sharedconnectivity.app.HotspotNetworkConnectionStatus.CONNECTION_STATUS_UNKNOWN_ERROR, android.net.wifi.sharedconnectivity.app.HotspotNetworkConnectionStatus.CONNECTION_STATUS_PROVISIONING_FAILED, android.net.wifi.sharedconnectivity.app.HotspotNetworkConnectionStatus.CONNECTION_STATUS_TETHERING_TIMEOUT, android.net.wifi.sharedconnectivity.app.HotspotNetworkConnectionStatus.CONNECTION_STATUS_TETHERING_UNSUPPORTED, android.net.wifi.sharedconnectivity.app.HotspotNetworkConnectionStatus.CONNECTION_STATUS_NO_CELL_DATA, android.net.wifi.sharedconnectivity.app.HotspotNetworkConnectionStatus.CONNECTION_STATUS_ENABLING_HOTSPOT_FAILED, android.net.wifi.sharedconnectivity.app.HotspotNetworkConnectionStatus.CONNECTION_STATUS_ENABLING_HOTSPOT_TIMEOUT, android.net.wifi.sharedconnectivity.app.HotspotNetworkConnectionStatus.CONNECTION_STATUS_CONNECT_TO_HOTSPOT_FAILED, com.android.wifitrackerlib.HotspotNetworkEntry.CONNECTION_STATUS_CONNECTED}" />
    </annotation>
  </item>
  <item name="com.android.wifitrackerlib.HotspotNetworkEntry void onConnectionStatusChanged(int) 0">
    <annotation name="androidx.annotation.IntDef">
      <val name="value" val="{android.net.wifi.sharedconnectivity.app.HotspotNetworkConnectionStatus.CONNECTION_STATUS_UNKNOWN, android.net.wifi.sharedconnectivity.app.HotspotNetworkConnectionStatus.CONNECTION_STATUS_ENABLING_HOTSPOT, android.net.wifi.sharedconnectivity.app.HotspotNetworkConnectionStatus.CONNECTION_STATUS_UNKNOWN_ERROR, android.net.wifi.sharedconnectivity.app.HotspotNetworkConnectionStatus.CONNECTION_STATUS_PROVISIONING_FAILED, android.net.wifi.sharedconnectivity.app.HotspotNetworkConnectionStatus.CONNECTION_STATUS_TETHERING_TIMEOUT, android.net.wifi.sharedconnectivity.app.HotspotNetworkConnectionStatus.CONNECTION_STATUS_TETHERING_UNSUPPORTED, android.net.wifi.sharedconnectivity.app.HotspotNetworkConnectionStatus.CONNECTION_STATUS_NO_CELL_DATA, android.net.wifi.sharedconnectivity.app.HotspotNetworkConnectionStatus.CONNECTION_STATUS_ENABLING_HOTSPOT_FAILED, android.net.wifi.sharedconnectivity.app.HotspotNetworkConnectionStatus.CONNECTION_STATUS_ENABLING_HOTSPOT_TIMEOUT, android.net.wifi.sharedconnectivity.app.HotspotNetworkConnectionStatus.CONNECTION_STATUS_CONNECT_TO_HOTSPOT_FAILED, com.android.wifitrackerlib.HotspotNetworkEntry.CONNECTION_STATUS_CONNECTED}" />
    </annotation>
  </item>
  <item name="com.android.wifitrackerlib.HotspotNetworkEntry.ConnectionStatus">
    <annotation name="androidx.annotation.IntDef">
      <val name="value" val="{android.net.wifi.sharedconnectivity.app.HotspotNetworkConnectionStatus.CONNECTION_STATUS_UNKNOWN, android.net.wifi.sharedconnectivity.app.HotspotNetworkConnectionStatus.CONNECTION_STATUS_ENABLING_HOTSPOT, android.net.wifi.sharedconnectivity.app.HotspotNetworkConnectionStatus.CONNECTION_STATUS_UNKNOWN_ERROR, android.net.wifi.sharedconnectivity.app.HotspotNetworkConnectionStatus.CONNECTION_STATUS_PROVISIONING_FAILED, android.net.wifi.sharedconnectivity.app.HotspotNetworkConnectionStatus.CONNECTION_STATUS_TETHERING_TIMEOUT, android.net.wifi.sharedconnectivity.app.HotspotNetworkConnectionStatus.CONNECTION_STATUS_TETHERING_UNSUPPORTED, android.net.wifi.sharedconnectivity.app.HotspotNetworkConnectionStatus.CONNECTION_STATUS_NO_CELL_DATA, android.net.wifi.sharedconnectivity.app.HotspotNetworkConnectionStatus.CONNECTION_STATUS_ENABLING_HOTSPOT_FAILED, android.net.wifi.sharedconnectivity.app.HotspotNetworkConnectionStatus.CONNECTION_STATUS_ENABLING_HOTSPOT_TIMEOUT, android.net.wifi.sharedconnectivity.app.HotspotNetworkConnectionStatus.CONNECTION_STATUS_CONNECT_TO_HOTSPOT_FAILED, com.android.wifitrackerlib.HotspotNetworkEntry.CONNECTION_STATUS_CONNECTED}" />
    </annotation>
  </item>
  <item name="com.android.wifitrackerlib.HotspotNetworkEntry.DeviceType">
    <annotation name="androidx.annotation.IntDef">
      <val name="value" val="{android.net.wifi.sharedconnectivity.app.NetworkProviderInfo.DEVICE_TYPE_UNKNOWN, android.net.wifi.sharedconnectivity.app.NetworkProviderInfo.DEVICE_TYPE_PHONE, android.net.wifi.sharedconnectivity.app.NetworkProviderInfo.DEVICE_TYPE_TABLET, android.net.wifi.sharedconnectivity.app.NetworkProviderInfo.DEVICE_TYPE_LAPTOP, android.net.wifi.sharedconnectivity.app.NetworkProviderInfo.DEVICE_TYPE_WATCH, android.net.wifi.sharedconnectivity.app.NetworkProviderInfo.DEVICE_TYPE_AUTO}" />
    </annotation>
  </item>
  <item name="com.android.wifitrackerlib.HotspotNetworkEntry.NetworkType">
    <annotation name="androidx.annotation.IntDef">
      <val name="value" val="{android.net.wifi.sharedconnectivity.app.HotspotNetwork.NETWORK_TYPE_UNKNOWN, android.net.wifi.sharedconnectivity.app.HotspotNetwork.NETWORK_TYPE_CELLULAR, android.net.wifi.sharedconnectivity.app.HotspotNetwork.NETWORK_TYPE_WIFI, android.net.wifi.sharedconnectivity.app.HotspotNetwork.NETWORK_TYPE_ETHERNET}" />
    </annotation>
  </item>
  <item name="com.android.wifitrackerlib.KnownNetworkEntry void onConnectionStatusChanged(int) 0">
    <annotation name="androidx.annotation.IntDef">
      <val name="value" val="{android.net.wifi.sharedconnectivity.app.KnownNetworkConnectionStatus.CONNECTION_STATUS_UNKNOWN, android.net.wifi.sharedconnectivity.app.KnownNetworkConnectionStatus.CONNECTION_STATUS_SAVED, android.net.wifi.sharedconnectivity.app.KnownNetworkConnectionStatus.CONNECTION_STATUS_SAVE_FAILED}" />
    </annotation>
  </item>
  <item name="com.android.wifitrackerlib.KnownNetworkEntry.ConnectionStatus">
    <annotation name="androidx.annotation.IntDef">
      <val name="value" val="{android.net.wifi.sharedconnectivity.app.KnownNetworkConnectionStatus.CONNECTION_STATUS_UNKNOWN, android.net.wifi.sharedconnectivity.app.KnownNetworkConnectionStatus.CONNECTION_STATUS_SAVED, android.net.wifi.sharedconnectivity.app.KnownNetworkConnectionStatus.CONNECTION_STATUS_SAVE_FAILED}" />
    </annotation>
  </item>
  <item name="com.android.wifitrackerlib.NetworkRequestEntry int getMeteredChoice()">
    <annotation name="androidx.annotation.IntDef">
      <val name="value" val="{com.android.wifitrackerlib.WifiEntry.METERED_CHOICE_AUTO, com.android.wifitrackerlib.WifiEntry.METERED_CHOICE_METERED, com.android.wifitrackerlib.WifiEntry.METERED_CHOICE_UNMETERED}" />
    </annotation>
  </item>
  <item name="com.android.wifitrackerlib.NetworkRequestEntry int getPrivacy()">
    <annotation name="androidx.annotation.IntDef">
      <val name="value" val="{com.android.wifitrackerlib.WifiEntry.PRIVACY_DEVICE_MAC, com.android.wifitrackerlib.WifiEntry.PRIVACY_RANDOMIZED_MAC, com.android.wifitrackerlib.WifiEntry.PRIVACY_UNKNOWN}" />
    </annotation>
  </item>
  <item name="com.android.wifitrackerlib.PasspointWifiEntry int getConnectedState()">
    <annotation name="androidx.annotation.IntDef">
      <val name="value" val="{com.android.wifitrackerlib.WifiEntry.CONNECTED_STATE_DISCONNECTED, com.android.wifitrackerlib.WifiEntry.CONNECTED_STATE_CONNECTED, com.android.wifitrackerlib.WifiEntry.CONNECTED_STATE_CONNECTING}" />
    </annotation>
  </item>
  <item name="com.android.wifitrackerlib.PasspointWifiEntry int getMeteredChoice()">
    <annotation name="androidx.annotation.IntDef">
      <val name="value" val="{com.android.wifitrackerlib.WifiEntry.METERED_CHOICE_AUTO, com.android.wifitrackerlib.WifiEntry.METERED_CHOICE_METERED, com.android.wifitrackerlib.WifiEntry.METERED_CHOICE_UNMETERED}" />
    </annotation>
  </item>
  <item name="com.android.wifitrackerlib.PasspointWifiEntry int getPrivacy()">
    <annotation name="androidx.annotation.IntDef">
      <val name="value" val="{com.android.wifitrackerlib.WifiEntry.PRIVACY_DEVICE_MAC, com.android.wifitrackerlib.WifiEntry.PRIVACY_RANDOMIZED_MAC, com.android.wifitrackerlib.WifiEntry.PRIVACY_UNKNOWN}" />
    </annotation>
  </item>
  <item name="com.android.wifitrackerlib.StandardWifiEntry int getMeteredChoice()">
    <annotation name="androidx.annotation.IntDef">
      <val name="value" val="{com.android.wifitrackerlib.WifiEntry.METERED_CHOICE_AUTO, com.android.wifitrackerlib.WifiEntry.METERED_CHOICE_METERED, com.android.wifitrackerlib.WifiEntry.METERED_CHOICE_UNMETERED}" />
    </annotation>
  </item>
  <item name="com.android.wifitrackerlib.StandardWifiEntry int getPrivacy()">
    <annotation name="androidx.annotation.IntDef">
      <val name="value" val="{com.android.wifitrackerlib.WifiEntry.PRIVACY_DEVICE_MAC, com.android.wifitrackerlib.WifiEntry.PRIVACY_RANDOMIZED_MAC, com.android.wifitrackerlib.WifiEntry.PRIVACY_UNKNOWN}" />
    </annotation>
  </item>
  <item name="com.android.wifitrackerlib.WifiEntry int getConnectedState()">
    <annotation name="androidx.annotation.IntDef">
      <val name="value" val="{com.android.wifitrackerlib.WifiEntry.CONNECTED_STATE_DISCONNECTED, com.android.wifitrackerlib.WifiEntry.CONNECTED_STATE_CONNECTED, com.android.wifitrackerlib.WifiEntry.CONNECTED_STATE_CONNECTING}" />
    </annotation>
  </item>
  <item name="com.android.wifitrackerlib.WifiEntry int getMeteredChoice()">
    <annotation name="androidx.annotation.IntDef">
      <val name="value" val="{com.android.wifitrackerlib.WifiEntry.METERED_CHOICE_AUTO, com.android.wifitrackerlib.WifiEntry.METERED_CHOICE_METERED, com.android.wifitrackerlib.WifiEntry.METERED_CHOICE_UNMETERED}" />
    </annotation>
  </item>
  <item name="com.android.wifitrackerlib.WifiEntry int getPrivacy()">
    <annotation name="androidx.annotation.IntDef">
      <val name="value" val="{com.android.wifitrackerlib.WifiEntry.PRIVACY_DEVICE_MAC, com.android.wifitrackerlib.WifiEntry.PRIVACY_RANDOMIZED_MAC, com.android.wifitrackerlib.WifiEntry.PRIVACY_UNKNOWN}" />
    </annotation>
  </item>
  <item name="com.android.wifitrackerlib.WifiEntry int getSecurity()">
    <annotation name="androidx.annotation.IntDef">
      <val name="value" val="{com.android.wifitrackerlib.WifiEntry.SECURITY_NONE, com.android.wifitrackerlib.WifiEntry.SECURITY_OWE, com.android.wifitrackerlib.WifiEntry.SECURITY_WEP, com.android.wifitrackerlib.WifiEntry.SECURITY_PSK, com.android.wifitrackerlib.WifiEntry.SECURITY_SAE, com.android.wifitrackerlib.WifiEntry.SECURITY_EAP, com.android.wifitrackerlib.WifiEntry.SECURITY_EAP_SUITE_B, com.android.wifitrackerlib.WifiEntry.SECURITY_EAP_WPA3_ENTERPRISE}" />
    </annotation>
  </item>
  <item name="com.android.wifitrackerlib.WifiEntry void setMeteredChoice(int) 0">
    <annotation name="androidx.annotation.IntDef">
      <val name="value" val="{com.android.wifitrackerlib.WifiEntry.METERED_CHOICE_AUTO, com.android.wifitrackerlib.WifiEntry.METERED_CHOICE_METERED, com.android.wifitrackerlib.WifiEntry.METERED_CHOICE_UNMETERED}" />
    </annotation>
  </item>
  <item name="com.android.wifitrackerlib.WifiEntry void setPrivacy(int) 0">
    <annotation name="androidx.annotation.IntDef">
      <val name="value" val="{com.android.wifitrackerlib.WifiEntry.PRIVACY_DEVICE_MAC, com.android.wifitrackerlib.WifiEntry.PRIVACY_RANDOMIZED_MAC, com.android.wifitrackerlib.WifiEntry.PRIVACY_UNKNOWN}" />
    </annotation>
  </item>
  <item name="com.android.wifitrackerlib.WifiEntry.ConnectCallback void onConnectResult(int) 0">
    <annotation name="androidx.annotation.IntDef">
      <val name="value" val="{com.android.wifitrackerlib.WifiEntry.ConnectCallback.CONNECT_STATUS_SUCCESS, com.android.wifitrackerlib.WifiEntry.ConnectCallback.CONNECT_STATUS_FAILURE_NO_CONFIG, com.android.wifitrackerlib.WifiEntry.ConnectCallback.CONNECT_STATUS_FAILURE_UNKNOWN, com.android.wifitrackerlib.WifiEntry.ConnectCallback.CONNECT_STATUS_FAILURE_SIM_ABSENT}" />
    </annotation>
  </item>
  <item name="com.android.wifitrackerlib.WifiEntry.ConnectCallback.ConnectStatus">
    <annotation name="androidx.annotation.IntDef">
      <val name="value" val="{com.android.wifitrackerlib.WifiEntry.ConnectCallback.CONNECT_STATUS_SUCCESS, com.android.wifitrackerlib.WifiEntry.ConnectCallback.CONNECT_STATUS_FAILURE_NO_CONFIG, com.android.wifitrackerlib.WifiEntry.ConnectCallback.CONNECT_STATUS_FAILURE_UNKNOWN, com.android.wifitrackerlib.WifiEntry.ConnectCallback.CONNECT_STATUS_FAILURE_SIM_ABSENT}" />
    </annotation>
  </item>
  <item name="com.android.wifitrackerlib.WifiEntry.ConnectedInfo frequencyMhz">
    <annotation name="androidx.annotation.IntDef">
      <val name="value" val="{com.android.wifitrackerlib.WifiEntry.FREQUENCY_2_4_GHZ, com.android.wifitrackerlib.WifiEntry.FREQUENCY_5_GHZ, com.android.wifitrackerlib.WifiEntry.FREQUENCY_6_GHZ, com.android.wifitrackerlib.WifiEntry.FREQUENCY_60_GHZ, com.android.wifitrackerlib.WifiEntry.FREQUENCY_UNKNOWN}" />
    </annotation>
  </item>
  <item name="com.android.wifitrackerlib.WifiEntry.ConnectedState">
    <annotation name="androidx.annotation.IntDef">
      <val name="value" val="{com.android.wifitrackerlib.WifiEntry.CONNECTED_STATE_DISCONNECTED, com.android.wifitrackerlib.WifiEntry.CONNECTED_STATE_CONNECTED, com.android.wifitrackerlib.WifiEntry.CONNECTED_STATE_CONNECTING}" />
    </annotation>
  </item>
  <item name="com.android.wifitrackerlib.WifiEntry.DisconnectCallback void onDisconnectResult(int) 0">
    <annotation name="androidx.annotation.IntDef">
      <val name="value" val="{com.android.wifitrackerlib.WifiEntry.DisconnectCallback.DISCONNECT_STATUS_SUCCESS, com.android.wifitrackerlib.WifiEntry.DisconnectCallback.DISCONNECT_STATUS_FAILURE_UNKNOWN}" />
    </annotation>
  </item>
  <item name="com.android.wifitrackerlib.WifiEntry.DisconnectCallback.DisconnectStatus">
    <annotation name="androidx.annotation.IntDef">
      <val name="value" val="{com.android.wifitrackerlib.WifiEntry.DisconnectCallback.DISCONNECT_STATUS_SUCCESS, com.android.wifitrackerlib.WifiEntry.DisconnectCallback.DISCONNECT_STATUS_FAILURE_UNKNOWN}" />
    </annotation>
  </item>
  <item name="com.android.wifitrackerlib.WifiEntry.ForgetCallback void onForgetResult(int) 0">
    <annotation name="androidx.annotation.IntDef">
      <val name="value" val="{com.android.wifitrackerlib.WifiEntry.ForgetCallback.FORGET_STATUS_SUCCESS, com.android.wifitrackerlib.WifiEntry.ForgetCallback.FORGET_STATUS_FAILURE_UNKNOWN}" />
    </annotation>
  </item>
  <item name="com.android.wifitrackerlib.WifiEntry.ForgetCallback.ForgetStatus">
    <annotation name="androidx.annotation.IntDef">
      <val name="value" val="{com.android.wifitrackerlib.WifiEntry.ForgetCallback.FORGET_STATUS_SUCCESS, com.android.wifitrackerlib.WifiEntry.ForgetCallback.FORGET_STATUS_FAILURE_UNKNOWN}" />
    </annotation>
  </item>
  <item name="com.android.wifitrackerlib.WifiEntry.Frequency">
    <annotation name="androidx.annotation.IntDef">
      <val name="value" val="{com.android.wifitrackerlib.WifiEntry.FREQUENCY_2_4_GHZ, com.android.wifitrackerlib.WifiEntry.FREQUENCY_5_GHZ, com.android.wifitrackerlib.WifiEntry.FREQUENCY_6_GHZ, com.android.wifitrackerlib.WifiEntry.FREQUENCY_60_GHZ, com.android.wifitrackerlib.WifiEntry.FREQUENCY_UNKNOWN}" />
    </annotation>
  </item>
  <item name="com.android.wifitrackerlib.WifiEntry.MeteredChoice">
    <annotation name="androidx.annotation.IntDef">
      <val name="value" val="{com.android.wifitrackerlib.WifiEntry.METERED_CHOICE_AUTO, com.android.wifitrackerlib.WifiEntry.METERED_CHOICE_METERED, com.android.wifitrackerlib.WifiEntry.METERED_CHOICE_UNMETERED}" />
    </annotation>
  </item>
  <item name="com.android.wifitrackerlib.WifiEntry.Privacy">
    <annotation name="androidx.annotation.IntDef">
      <val name="value" val="{com.android.wifitrackerlib.WifiEntry.PRIVACY_DEVICE_MAC, com.android.wifitrackerlib.WifiEntry.PRIVACY_RANDOMIZED_MAC, com.android.wifitrackerlib.WifiEntry.PRIVACY_UNKNOWN}" />
    </annotation>
  </item>
  <item name="com.android.wifitrackerlib.WifiEntry.Security">
    <annotation name="androidx.annotation.IntDef">
      <val name="value" val="{com.android.wifitrackerlib.WifiEntry.SECURITY_NONE, com.android.wifitrackerlib.WifiEntry.SECURITY_OWE, com.android.wifitrackerlib.WifiEntry.SECURITY_WEP, com.android.wifitrackerlib.WifiEntry.SECURITY_PSK, com.android.wifitrackerlib.WifiEntry.SECURITY_SAE, com.android.wifitrackerlib.WifiEntry.SECURITY_EAP, com.android.wifitrackerlib.WifiEntry.SECURITY_EAP_SUITE_B, com.android.wifitrackerlib.WifiEntry.SECURITY_EAP_WPA3_ENTERPRISE}" />
    </annotation>
  </item>
  <item name="com.android.wifitrackerlib.WifiEntry.SignInCallback void onSignInResult(int) 0">
    <annotation name="androidx.annotation.IntDef">
      <val name="value" val="{com.android.wifitrackerlib.WifiEntry.SignInCallback.SIGNIN_STATUS_SUCCESS, com.android.wifitrackerlib.WifiEntry.SignInCallback.SIGNIN_STATUS_FAILURE_UNKNOWN}" />
    </annotation>
  </item>
  <item name="com.android.wifitrackerlib.WifiEntry.SignInCallback.SignInStatus">
    <annotation name="androidx.annotation.IntDef">
      <val name="value" val="{com.android.wifitrackerlib.WifiEntry.SignInCallback.SIGNIN_STATUS_SUCCESS, com.android.wifitrackerlib.WifiEntry.SignInCallback.SIGNIN_STATUS_FAILURE_UNKNOWN}" />
    </annotation>
  </item>
  <item name="com.android.wifitrackerlib.WifiPickerTracker void notifyOnWifiEntriesChanged(int) 0">
    <annotation name="androidx.annotation.IntDef">
      <val name="value" val="{com.android.wifitrackerlib.WifiPickerTracker.WIFI_ENTRIES_CHANGED_REASON_GENERAL, com.android.wifitrackerlib.WifiPickerTracker.WIFI_ENTRIES_CHANGED_REASON_SCAN_RESULTS}" />
    </annotation>
  </item>
  <item name="com.android.wifitrackerlib.WifiPickerTracker void updateWifiEntries(int) 0">
    <annotation name="androidx.annotation.IntDef">
      <val name="value" val="{com.android.wifitrackerlib.WifiPickerTracker.WIFI_ENTRIES_CHANGED_REASON_GENERAL, com.android.wifitrackerlib.WifiPickerTracker.WIFI_ENTRIES_CHANGED_REASON_SCAN_RESULTS}" />
    </annotation>
  </item>
  <item name="com.android.wifitrackerlib.WifiPickerTracker.WifiEntriesChangedReason">
    <annotation name="androidx.annotation.IntDef">
      <val name="value" val="{com.android.wifitrackerlib.WifiPickerTracker.WIFI_ENTRIES_CHANGED_REASON_GENERAL, com.android.wifitrackerlib.WifiPickerTracker.WIFI_ENTRIES_CHANGED_REASON_SCAN_RESULTS}" />
    </annotation>
  </item>
  <item name="com.android.wifitrackerlib.WifiPickerTracker.WifiPickerTrackerCallback void onWifiEntriesChanged(int) 0">
    <annotation name="androidx.annotation.IntDef">
      <val name="value" val="{com.android.wifitrackerlib.WifiPickerTracker.WIFI_ENTRIES_CHANGED_REASON_GENERAL, com.android.wifitrackerlib.WifiPickerTracker.WIFI_ENTRIES_CHANGED_REASON_SCAN_RESULTS}" />
    </annotation>
  </item>
</root>

