<?xml version="1.0" encoding="UTF-8"?>
<root>
  <item name="com.google.android.setupcompat.portal.NotificationComponent NotificationComponent(int) 0">
    <annotation name="androidx.annotation.IntDef">
      <val name="value" val="{com.google.android.setupcompat.portal.NotificationComponent.NotificationType.UNKNOWN, com.google.android.setupcompat.portal.NotificationComponent.NotificationType.INITIAL_ONGOING, com.google.android.setupcompat.portal.NotificationComponent.NotificationType.PREDEFERRED, com.google.android.setupcompat.portal.NotificationComponent.NotificationType.PREDEFERRED_PREPARING, com.google.android.setupcompat.portal.NotificationComponent.NotificationType.DEFERRED, com.google.android.setupcompat.portal.NotificationComponent.NotificationType.DEFERRED_ONGOING, com.google.android.setupcompat.portal.NotificationComponent.NotificationType.PORTAL}" />
    </annotation>
  </item>
  <item name="com.google.android.setupcompat.portal.NotificationComponent int getNotificationType()">
    <annotation name="androidx.annotation.IntDef">
      <val name="value" val="{com.google.android.setupcompat.portal.NotificationComponent.NotificationType.UNKNOWN, com.google.android.setupcompat.portal.NotificationComponent.NotificationType.INITIAL_ONGOING, com.google.android.setupcompat.portal.NotificationComponent.NotificationType.PREDEFERRED, com.google.android.setupcompat.portal.NotificationComponent.NotificationType.PREDEFERRED_PREPARING, com.google.android.setupcompat.portal.NotificationComponent.NotificationType.DEFERRED, com.google.android.setupcompat.portal.NotificationComponent.NotificationType.DEFERRED_ONGOING, com.google.android.setupcompat.portal.NotificationComponent.NotificationType.PORTAL}" />
    </annotation>
  </item>
  <item name="com.google.android.setupcompat.portal.NotificationComponent notificationType">
    <annotation name="androidx.annotation.IntDef">
      <val name="value" val="{com.google.android.setupcompat.portal.NotificationComponent.NotificationType.UNKNOWN, com.google.android.setupcompat.portal.NotificationComponent.NotificationType.INITIAL_ONGOING, com.google.android.setupcompat.portal.NotificationComponent.NotificationType.PREDEFERRED, com.google.android.setupcompat.portal.NotificationComponent.NotificationType.PREDEFERRED_PREPARING, com.google.android.setupcompat.portal.NotificationComponent.NotificationType.DEFERRED, com.google.android.setupcompat.portal.NotificationComponent.NotificationType.DEFERRED_ONGOING, com.google.android.setupcompat.portal.NotificationComponent.NotificationType.PORTAL}" />
    </annotation>
  </item>
  <item name="com.google.android.setupcompat.portal.NotificationComponent.Builder Builder(int) 0">
    <annotation name="androidx.annotation.IntDef">
      <val name="value" val="{com.google.android.setupcompat.portal.NotificationComponent.NotificationType.UNKNOWN, com.google.android.setupcompat.portal.NotificationComponent.NotificationType.INITIAL_ONGOING, com.google.android.setupcompat.portal.NotificationComponent.NotificationType.PREDEFERRED, com.google.android.setupcompat.portal.NotificationComponent.NotificationType.PREDEFERRED_PREPARING, com.google.android.setupcompat.portal.NotificationComponent.NotificationType.DEFERRED, com.google.android.setupcompat.portal.NotificationComponent.NotificationType.DEFERRED_ONGOING, com.google.android.setupcompat.portal.NotificationComponent.NotificationType.PORTAL}" />
    </annotation>
  </item>
  <item name="com.google.android.setupcompat.portal.NotificationComponent.NotificationType">
    <annotation name="androidx.annotation.IntDef">
      <val name="value" val="{com.google.android.setupcompat.portal.NotificationComponent.NotificationType.UNKNOWN, com.google.android.setupcompat.portal.NotificationComponent.NotificationType.INITIAL_ONGOING, com.google.android.setupcompat.portal.NotificationComponent.NotificationType.PREDEFERRED, com.google.android.setupcompat.portal.NotificationComponent.NotificationType.PREDEFERRED_PREPARING, com.google.android.setupcompat.portal.NotificationComponent.NotificationType.DEFERRED, com.google.android.setupcompat.portal.NotificationComponent.NotificationType.DEFERRED_ONGOING, com.google.android.setupcompat.portal.NotificationComponent.NotificationType.PORTAL}" />
    </annotation>
  </item>
  <item name="com.google.android.setupcompat.portal.PortalConstants.PendingReason">
    <annotation name="androidx.annotation.IntDef">
      <val name="value" val="{com.google.android.setupcompat.portal.PortalConstants.PendingReason.IN_PROGRESS, com.google.android.setupcompat.portal.PortalConstants.PendingReason.PROGRESS_REQUEST_ANY_NETWORK, com.google.android.setupcompat.portal.PortalConstants.PendingReason.PROGRESS_REQUEST_WIFI, com.google.android.setupcompat.portal.PortalConstants.PendingReason.PROGRESS_REQUEST_MOBILE, com.google.android.setupcompat.portal.PortalConstants.PendingReason.PROGRESS_RETRY, com.google.android.setupcompat.portal.PortalConstants.PendingReason.PROGRESS_REQUEST_REMOVED, com.google.android.setupcompat.portal.PortalConstants.PendingReason.MAX}" />
    </annotation>
  </item>
  <item name="com.google.android.setupcompat.portal.PortalConstants.RemainingValues">
    <annotation name="androidx.annotation.StringDef">
      <val name="value" val="{com.google.android.setupcompat.portal.PortalConstants.RemainingValues.REMAINING_SIZE_TO_BE_DOWNLOAD_IN_KB}" />
    </annotation>
  </item>
</root>

