<?xml version="1.0" encoding="UTF-8"?>
<root>
  <item name="com.google.android.setupdesign.DividerItemDecoration dividerCondition">
    <annotation name="androidx.annotation.IntDef">
      <val name="value" val="{com.google.android.setupdesign.DividerItemDecoration.DIVIDER_CONDITION_EITHER, com.google.android.setupdesign.DividerItemDecoration.DIVIDER_CONDITION_BOTH}" />
    </annotation>
  </item>
  <item name="com.google.android.setupdesign.DividerItemDecoration int getDividerCondition()">
    <annotation name="androidx.annotation.IntDef">
      <val name="value" val="{com.google.android.setupdesign.DividerItemDecoration.DIVIDER_CONDITION_EITHER, com.google.android.setupdesign.DividerItemDecoration.DIVIDER_CONDITION_BOTH}" />
    </annotation>
  </item>
  <item name="com.google.android.setupdesign.DividerItemDecoration void setDividerCondition(int) 0">
    <annotation name="androidx.annotation.IntDef">
      <val name="value" val="{com.google.android.setupdesign.DividerItemDecoration.DIVIDER_CONDITION_EITHER, com.google.android.setupdesign.DividerItemDecoration.DIVIDER_CONDITION_BOTH}" />
    </annotation>
  </item>
  <item name="com.google.android.setupdesign.DividerItemDecoration.DividerCondition">
    <annotation name="androidx.annotation.IntDef">
      <val name="value" val="{com.google.android.setupdesign.DividerItemDecoration.DIVIDER_CONDITION_EITHER, com.google.android.setupdesign.DividerItemDecoration.DIVIDER_CONDITION_BOTH}" />
    </annotation>
  </item>
</root>

