<?xml version="1.0" encoding="UTF-8"?>
<root>
  <item name="com.google.android.setupcompat.logging.SetupMetric SetupMetric(int, java.lang.String, int, android.os.PersistableBundle) 2">
    <annotation name="androidx.annotation.IntDef">
      <val name="value" val="{com.google.android.setupcompat.logging.internal.SetupMetricsLoggingConstants.EventType.UNKNOWN, com.google.android.setupcompat.logging.internal.SetupMetricsLoggingConstants.EventType.IMPRESSION, com.google.android.setupcompat.logging.internal.SetupMetricsLoggingConstants.EventType.OPT_IN, com.google.android.setupcompat.logging.internal.SetupMetricsLoggingConstants.EventType.WAITING_START, com.google.android.setupcompat.logging.internal.SetupMetricsLoggingConstants.EventType.WAITING_END, com.google.android.setupcompat.logging.internal.SetupMetricsLoggingConstants.EventType.ERROR}" />
    </annotation>
  </item>
  <item name="com.google.android.setupcompat.logging.SetupMetric int getType()">
    <annotation name="androidx.annotation.IntDef">
      <val name="value" val="{com.google.android.setupcompat.logging.internal.SetupMetricsLoggingConstants.EventType.UNKNOWN, com.google.android.setupcompat.logging.internal.SetupMetricsLoggingConstants.EventType.IMPRESSION, com.google.android.setupcompat.logging.internal.SetupMetricsLoggingConstants.EventType.OPT_IN, com.google.android.setupcompat.logging.internal.SetupMetricsLoggingConstants.EventType.WAITING_START, com.google.android.setupcompat.logging.internal.SetupMetricsLoggingConstants.EventType.WAITING_END, com.google.android.setupcompat.logging.internal.SetupMetricsLoggingConstants.EventType.ERROR}" />
    </annotation>
  </item>
  <item name="com.google.android.setupcompat.logging.SetupMetric type">
    <annotation name="androidx.annotation.IntDef">
      <val name="value" val="{com.google.android.setupcompat.logging.internal.SetupMetricsLoggingConstants.EventType.UNKNOWN, com.google.android.setupcompat.logging.internal.SetupMetricsLoggingConstants.EventType.IMPRESSION, com.google.android.setupcompat.logging.internal.SetupMetricsLoggingConstants.EventType.OPT_IN, com.google.android.setupcompat.logging.internal.SetupMetricsLoggingConstants.EventType.WAITING_START, com.google.android.setupcompat.logging.internal.SetupMetricsLoggingConstants.EventType.WAITING_END, com.google.android.setupcompat.logging.internal.SetupMetricsLoggingConstants.EventType.ERROR}" />
    </annotation>
  </item>
</root>

