<?xml version="1.0" encoding="UTF-8"?>
<root>
  <item name="com.google.android.setupdesign.transition.TransitionHelper void applyBackwardTransition(android.app.Activity, int) 1">
    <annotation name="androidx.annotation.IntDef">
      <val name="value" val="{com.google.android.setupdesign.transition.TransitionHelper.TRANSITION_NONE, com.google.android.setupdesign.transition.TransitionHelper.TRANSITION_NO_OVERRIDE, com.google.android.setupdesign.transition.TransitionHelper.TRANSITION_FRAMEWORK_DEFAULT, com.google.android.setupdesign.transition.TransitionHelper.TRANSITION_SLIDE, com.google.android.setupdesign.transition.TransitionHelper.TRANSITION_FADE, com.google.android.setupdesign.transition.TransitionHelper.TRANSITION_FRAMEWORK_DEFAULT_PRE_P, com.google.android.setupdesign.transition.TransitionHelper.TRANSITION_CAPTIVE}" />
    </annotation>
  </item>
  <item name="com.google.android.setupdesign.transition.TransitionHelper void applyBackwardTransition(android.app.Activity, int, boolean) 1">
    <annotation name="androidx.annotation.IntDef">
      <val name="value" val="{com.google.android.setupdesign.transition.TransitionHelper.TRANSITION_NONE, com.google.android.setupdesign.transition.TransitionHelper.TRANSITION_NO_OVERRIDE, com.google.android.setupdesign.transition.TransitionHelper.TRANSITION_FRAMEWORK_DEFAULT, com.google.android.setupdesign.transition.TransitionHelper.TRANSITION_SLIDE, com.google.android.setupdesign.transition.TransitionHelper.TRANSITION_FADE, com.google.android.setupdesign.transition.TransitionHelper.TRANSITION_FRAMEWORK_DEFAULT_PRE_P, com.google.android.setupdesign.transition.TransitionHelper.TRANSITION_CAPTIVE}" />
    </annotation>
  </item>
  <item name="com.google.android.setupdesign.transition.TransitionHelper void applyForwardTransition(android.app.Activity, int) 1">
    <annotation name="androidx.annotation.IntDef">
      <val name="value" val="{com.google.android.setupdesign.transition.TransitionHelper.TRANSITION_NONE, com.google.android.setupdesign.transition.TransitionHelper.TRANSITION_NO_OVERRIDE, com.google.android.setupdesign.transition.TransitionHelper.TRANSITION_FRAMEWORK_DEFAULT, com.google.android.setupdesign.transition.TransitionHelper.TRANSITION_SLIDE, com.google.android.setupdesign.transition.TransitionHelper.TRANSITION_FADE, com.google.android.setupdesign.transition.TransitionHelper.TRANSITION_FRAMEWORK_DEFAULT_PRE_P, com.google.android.setupdesign.transition.TransitionHelper.TRANSITION_CAPTIVE}" />
    </annotation>
  </item>
  <item name="com.google.android.setupdesign.transition.TransitionHelper void applyForwardTransition(android.app.Activity, int, boolean) 1">
    <annotation name="androidx.annotation.IntDef">
      <val name="value" val="{com.google.android.setupdesign.transition.TransitionHelper.TRANSITION_NONE, com.google.android.setupdesign.transition.TransitionHelper.TRANSITION_NO_OVERRIDE, com.google.android.setupdesign.transition.TransitionHelper.TRANSITION_FRAMEWORK_DEFAULT, com.google.android.setupdesign.transition.TransitionHelper.TRANSITION_SLIDE, com.google.android.setupdesign.transition.TransitionHelper.TRANSITION_FADE, com.google.android.setupdesign.transition.TransitionHelper.TRANSITION_FRAMEWORK_DEFAULT_PRE_P, com.google.android.setupdesign.transition.TransitionHelper.TRANSITION_CAPTIVE}" />
    </annotation>
  </item>
  <item name="com.google.android.setupdesign.transition.TransitionHelper.TransitionType">
    <annotation name="androidx.annotation.IntDef">
      <val name="value" val="{com.google.android.setupdesign.transition.TransitionHelper.TRANSITION_NONE, com.google.android.setupdesign.transition.TransitionHelper.TRANSITION_NO_OVERRIDE, com.google.android.setupdesign.transition.TransitionHelper.TRANSITION_FRAMEWORK_DEFAULT, com.google.android.setupdesign.transition.TransitionHelper.TRANSITION_SLIDE, com.google.android.setupdesign.transition.TransitionHelper.TRANSITION_FADE, com.google.android.setupdesign.transition.TransitionHelper.TRANSITION_FRAMEWORK_DEFAULT_PRE_P, com.google.android.setupdesign.transition.TransitionHelper.TRANSITION_CAPTIVE}" />
    </annotation>
  </item>
</root>

